{"cameraMode":{"drawMode":0,"name":"Shaded","section":"Shading Mode"},"sceneLighting":false,"audioPlay":false,"sceneViewState":{"showFog":true,"showMaterialUpdate":false,"showSkybox":true,"showFlares":true,"showImageEffects":true,"showParticleSystems":true},"in2DMode":false,"pivot":{"x":21.899999618530275,"y":-15.081298828125,"z":22.020000457763673},"rotation":{"x":0.2753593325614929,"y":-0.338008314371109,"z":0.10411845147609711,"w":0.893916666507721},"size":13.455427169799805,"orthographic":false}