{"cameraMode":{"drawMode":0,"name":"Shaded","section":"Shading Mode"},"sceneLighting":false,"audioPlay":false,"sceneViewState":{"showFog":true,"showMaterialUpdate":false,"showSkybox":true,"showFlares":true,"showImageEffects":true,"showParticleSystems":true},"in2DMode":false,"pivot":{"x":-0.0005000000819563866,"y":-0.047600001096725467,"z":-0.02979999966919422},"rotation":{"x":0.04125409200787544,"y":-0.9510086178779602,"z":0.14549408853054048,"w":0.26965227723121645},"size":3.3285787105560304,"orthographic":false}