{"cameraMode":{"drawMode":0,"name":"Shaded","section":"Shading Mode"},"sceneLighting":false,"audioPlay":false,"sceneViewState":{"showFog":true,"showMaterialUpdate":false,"showSkybox":true,"showFlares":true,"showImageEffects":true,"showParticleSystems":true},"in2DMode":false,"pivot":{"x":2.4499998092651369,"y":-13.59000015258789,"z":9.079999923706055},"rotation":{"x":0.04125409200787544,"y":-0.9510086178779602,"z":0.14549408853054048,"w":0.26965227723121645},"size":21.081172943115236,"orthographic":false}