{"cameraMode":{"drawMode":0,"name":"Shaded","section":"Shading Mode"},"sceneLighting":false,"audioPlay":false,"sceneViewState":{"showFog":true,"showMaterialUpdate":false,"showSkybox":true,"showFlares":true,"showImageEffects":true,"showParticleSystems":true},"in2DMode":false,"pivot":{"x":-32.144142150878909,"y":2.6679983139038088,"z":-2.3723254203796388},"rotation":{"x":0.0943109542131424,"y":-0.7224733829498291,"z":0.10056951642036438,"w":0.6775126457214356},"size":45.346378326416019,"orthographic":false}