{"cameraMode":{"drawMode":0,"name":"Shaded","section":"Shading Mode"},"sceneLighting":true,"audioPlay":false,"sceneViewState":{"showFog":true,"showMaterialUpdate":false,"showSkybox":true,"showFlares":true,"showImageEffects":true,"showParticleSystems":true},"in2DMode":false,"pivot":{"x":2026.4976806640625,"y":823.3389892578125,"z":4455.80322265625},"rotation":{"x":-0.2527036964893341,"y":-0.40420880913734438,"z":0.11724578589200974,"w":-0.871211588382721},"size":16.705659866333009,"orthographic":false}