{"cameraMode":{"drawMode":0,"name":"Shaded","section":"Shading Mode"},"sceneLighting":false,"audioPlay":false,"sceneViewState":{"showFog":true,"showMaterialUpdate":false,"showSkybox":true,"showFlares":true,"showImageEffects":true,"showParticleSystems":true},"in2DMode":false,"pivot":{"x":-0.9914298057556152,"y":8.461197853088379,"z":9.789294242858887},"rotation":{"x":0.04125409200787544,"y":-0.9510086178779602,"z":0.14549408853054048,"w":0.26965227723121645},"size":17.147302627563478,"orthographic":false}